Protocollo;Gruppo;DataOraIncidente;Localizzazione1;STRADA1;Localizzazione2;STRADA2;Strada02;Chilometrica;DaSpecificare;NaturaIncidente;particolaritastrade;TipoStrada;FondoStradale;Pavimentazione;Segnaletica;CondizioneAtmosferica;Traffico;Visibilita;Illuminazione;NUM_FERITI;NUM_RISERVATA;NUM_MORTI;NUM_ILLESI;Longitudine;Latitudine;Confermato;Progressivo;TipoVeicolo;StatoVeicolo;TipoPersona;Sesso;Tipolesione;Deceduto;DecedutoDopo;CinturaCascoUtilizzato;Airbag
1946388;15;04/06/2013 20:55;Strada Urbana;LUNGOTEVERE DEGLI INVENTORI;in prossimità;;del civico n. ;123;;Scontro laterale fra veicoli in marcia;Rettilineo;Una carreggiata a doppio senso;Asciutto;Asfaltata;Orizzontale;Sereno;Normale;Buona;Sufficiente;1;0;0;1;;;-1;1;Motociclo a solo;In marcia / fermata / arresto;Conducente;M;Rimandato;0;NON DECEDUTO;Utilizzato;Inesistente
1946389;11;04/06/2013 12:50;Strada Urbana;VIA OSTIENSE;all'intersezione semaforizzata con;VIALE GIUSTINIANO IMPERATORE;VIALE GIUSTINIANO IMPERATORE;;;Tamponamento;Incrocio;Più di due carreggiate;Asciutto;Asfaltata;Verticale ed orizzontale;Nuvoloso;Normale;Buona;Ore Diurne;1;0;0;3;;;-1;1;Autovettura privata;In marcia / fermata / arresto;Conducente;M;Illeso;0;;Non accertato;Inesistente
1946389;11;04/06/2013 12:50;Strada Urbana;VIA OSTIENSE;all'intersezione semaforizzata con;VIALE GIUSTINIANO IMPERATORE;VIALE GIUSTINIANO IMPERATORE;;;Tamponamento;Incrocio;Più di due carreggiate;Asciutto;Asfaltata;Verticale ed orizzontale;Nuvoloso;Normale;Buona;Ore Diurne;1;0;0;3;;;-1;1;Autovettura privata;In marcia / fermata / arresto;Passeggero;F;Illeso;0;;Non accertato;Inesistente
1946389;11;04/06/2013 12:50;Strada Urbana;VIA OSTIENSE;all'intersezione semaforizzata con;VIALE GIUSTINIANO IMPERATORE;VIALE GIUSTINIANO IMPERATORE;;;Tamponamento;Incrocio;Più di due carreggiate;Asciutto;Asfaltata;Verticale ed orizzontale;Nuvoloso;Normale;Buona;Ore Diurne;1;0;0;3;;;-1;1;Autovettura privata;In marcia / fermata / arresto;Passeggero;M;Illeso;0;;Non accertato;Inesistente
1946389;11;04/06/2013 12:50;Strada Urbana;VIA OSTIENSE;all'intersezione semaforizzata con;VIALE GIUSTINIANO IMPERATORE;VIALE GIUSTINIANO IMPERATORE;;;Tamponamento;Incrocio;Più di due carreggiate;Asciutto;Asfaltata;Verticale ed orizzontale;Nuvoloso;Normale;Buona;Ore Diurne;1;0;0;3;;;-1;2;Ciclomotore;In marcia / fermata / arresto;Conducente;F;Rimandato;0;NON DECEDUTO;Non accertato;Inesistente
1946390;12;03/06/2013 16:50;Strada Urbana;VIALE DEI CADUTI NELLA GUERRA DI LIBERAZIONE;all'intersezione con;VIA GIOVANNI FRIGNANI;VIA GIOVANNI FRIGNANI;;;Scontro laterale fra veicoli in marcia;Incrocio;Una carreggiata a senso unico di marcia;Asciutto;Asfaltata;Verticale ed orizzontale;Nuvoloso;Normale;Buona;Ore Diurne;0;0;0;2;;;-1;1;Autovettura privata;In marcia / fermata / arresto;Conducente;F;Illeso;0;;Utilizzato;Inesploso
1946390;12;03/06/2013 16:50;Strada Urbana;VIALE DEI CADUTI NELLA GUERRA DI LIBERAZIONE;all'intersezione con;VIA GIOVANNI FRIGNANI;VIA GIOVANNI FRIGNANI;;;Scontro laterale fra veicoli in marcia;Incrocio;Una carreggiata a senso unico di marcia;Asciutto;Asfaltata;Verticale ed orizzontale;Nuvoloso;Normale;Buona;Ore Diurne;0;0;0;2;;;-1;2;Autovettura privata;In marcia / fermata / arresto;Conducente;F;Illeso;0;;Utilizzato;Inesistente
1946391;10;04/06/2013 09:10;Strada Urbana;VIA APPIA NUOVA;in corrispondenza;;del palo luce n. ;840;;Scontro laterale fra veicoli in marcia;Rettilineo;Due carreggiate;Asciutto;Asfaltata;Verticale ed orizzontale;Sereno;Normale;Buona;Ore Diurne;1;0;0;2;;;-1;1;Autovettura privata;In marcia / fermata / arresto;Conducente;M;Illeso;0;;Non accertato;Inesploso
1946391;10;04/06/2013 09:10;Strada Urbana;VIA APPIA NUOVA;in corrispondenza;;del palo luce n. ;840;;Scontro laterale fra veicoli in marcia;Rettilineo;Due carreggiate;Asciutto;Asfaltata;Verticale ed orizzontale;Sereno;Normale;Buona;Ore Diurne;1;0;0;2;;;-1;1;Autovettura privata;In marcia / fermata / arresto;Passeggero;M;Illeso;0;;Non accertato;Inesploso
1946391;10;04/06/2013 09:10;Strada Urbana;VIA APPIA NUOVA;in corrispondenza;;del palo luce n. ;840;;Scontro laterale fra veicoli in marcia;Rettilineo;Due carreggiate;Asciutto;Asfaltata;Verticale ed orizzontale;Sereno;Normale;Buona;Ore Diurne;1;0;0;2;;;-1;2;Motociclo a solo;In marcia / fermata / arresto;Conducente;M;Rimandato;0;NON DECEDUTO;Non accertato;Inesistente
1946392;10;04/06/2013 12:44;Strada Urbana;VIA TUSCOLANA;in corrispondenza;;del civico n. ;1264;;Veicolo in marcia contro veicolo arresto;Rettilineo;Due carreggiate;Asciutto;Asfaltata;Verticale ed orizzontale;Sereno;Intenso;Buona;Ore Diurne;0;0;0;2;;;-1;1;Autocarro inferiore 35 q.;In marcia / fermata / arresto;Conducente;M;Illeso;0;;Non accertato;Inesploso
1946392;10;04/06/2013 12:44;Strada Urbana;VIA TUSCOLANA;in corrispondenza;;del civico n. ;1264;;Veicolo in marcia contro veicolo arresto;Rettilineo;Due carreggiate;Asciutto;Asfaltata;Verticale ed orizzontale;Sereno;Intenso;Buona;Ore Diurne;0;0;0;2;;;-1;2;Autovettura privata;Sosta;Passeggero;M;Illeso;0;;Utilizzato;Inesistente
1946393;10;04/06/2013 13:10;Strada Urbana;CIRCONVALLAZIONE TUSCOLANA;in prossimità;;del palo luce n. ;3;;Tamponamento;Rettilineo;Due carreggiate;Bagnato (pioggia);Asfaltata;Verticale ed orizzontale;Sereno;Normale;Buona;Ore Diurne;0;0;0;2;;;-1;1;Autovettura privata;In marcia / fermata / arresto;Conducente;F;Illeso;0;;Non accertato;Inesploso
1946393;10;04/06/2013 13:10;Strada Urbana;CIRCONVALLAZIONE TUSCOLANA;in prossimità;;del palo luce n. ;3;;Tamponamento;Rettilineo;Due carreggiate;Bagnato (pioggia);Asfaltata;Verticale ed orizzontale;Sereno;Normale;Buona;Ore Diurne;0;0;0;2;;;-1;2;Autovettura privata;In marcia / fermata / arresto;Conducente;F;Illeso;0;;Non accertato;Inesploso
1946394;10;04/06/2013 17:00;Strada Urbana;VIA APPIA NUOVA;all'intersezione semaforizzata con;VIA DEL CASALE DELLA SERGETTA;VIA DEL CASALE DELLA SERGETTA;;;Tamponamento Multiplo;Intersezione semaforizzata;Due carreggiate;Asciutto;Asfaltata;Verticale ed orizzontale;Sereno;Normale;Buona;Ore Diurne;1;0;0;4;;;-1;1;Autovettura privata;In marcia / fermata / arresto;Conducente;M;Illeso;0;;Non accertato;Inesploso
1946394;10;04/06/2013 17:00;Strada Urbana;VIA APPIA NUOVA;all'intersezione semaforizzata con;VIA DEL CASALE DELLA SERGETTA;VIA DEL CASALE DELLA SERGETTA;;;Tamponamento Multiplo;Intersezione semaforizzata;Due carreggiate;Asciutto;Asfaltata;Verticale ed orizzontale;Sereno;Normale;Buona;Ore Diurne;1;0;0;4;;;-1;1;Autovettura privata;In marcia / fermata / arresto;Passeggero;M;Illeso;0;;Non accertato;Inesploso
1946394;10;04/06/2013 17:00;Strada Urbana;VIA APPIA NUOVA;all'intersezione semaforizzata con;VIA DEL CASALE DELLA SERGETTA;VIA DEL CASALE DELLA SERGETTA;;;Tamponamento Multiplo;Intersezione semaforizzata;Due carreggiate;Asciutto;Asfaltata;Verticale ed orizzontale;Sereno;Normale;Buona;Ore Diurne;1;0;0;4;;;-1;1;Autovettura privata;In marcia / fermata / arresto;Passeggero;M;Illeso;0;;Non accertato;Inesploso
1946394;10;04/06/2013 17:00;Strada Urbana;VIA APPIA NUOVA;all'intersezione semaforizzata con;VIA DEL CASALE DELLA SERGETTA;VIA DEL CASALE DELLA SERGETTA;;;Tamponamento Multiplo;Intersezione semaforizzata;Due carreggiate;Asciutto;Asfaltata;Verticale ed orizzontale;Sereno;Normale;Buona;Ore Diurne;1;0;0;4;;;-1;2;Autovettura privata;In marcia / fermata / arresto;Conducente;M;Rifiuta cure immediate;0;NON DECEDUTO;Non accertato;Inesistente
1946394;10;04/06/2013 17:00;Strada Urbana;VIA APPIA NUOVA;all'intersezione semaforizzata con;VIA DEL CASALE DELLA SERGETTA;VIA DEL CASALE DELLA SERGETTA;;;Tamponamento Multiplo;Intersezione semaforizzata;Due carreggiate;Asciutto;Asfaltata;Verticale ed orizzontale;Sereno;Normale;Buona;Ore Diurne;1;0;0;4;;;-1;3;Autovettura privata;In marcia / fermata / arresto;Conducente;F;Illeso;0;;Non accertato;Inesploso
1946395;11;04/06/2013 11:55;Strada Urbana;VIA LAURENTINA;all'intersezione con;VIA POMPOSA;VIA POMPOSA;;;Scontro laterale fra veicoli in marcia;Incrocio;Una carreggiata a senso unico di marcia;Asciutto;Asfaltata;Verticale ed orizzontale;Sereno;Scarso;Buona;Ore Diurne;1;0;0;1;;;-1;1;Motociclo a solo;In marcia / fermata / arresto;Conducente;M;Rimandato;0;NON DECEDUTO;Non accertato;Inesistente
1946395;11;04/06/2013 11:55;Strada Urbana;VIA LAURENTINA;all'intersezione con;VIA POMPOSA;VIA POMPOSA;;;Scontro laterale fra veicoli in marcia;Incrocio;Una carreggiata a senso unico di marcia;Asciutto;Asfaltata;Verticale ed orizzontale;Sereno;Scarso;Buona;Ore Diurne;1;0;0;1;;;-1;2;Autocarro inferiore 35 q.;In marcia / fermata / arresto;Conducente;M;Illeso;0;;Non accertato;Inesistente
1946396;5;04/06/2013 08:20;Strada Urbana;VIA OTTAVIANO CONTE DI PALOMBARA;da specificare;;;;fronte civico 32;Veicolo in marcia contro veicolo in sosta;Rettilineo;Una carreggiata a doppio senso;Asciutto;Asfaltata;Verticale ed orizzontale;Sereno;Scarso;Buona;Ore Diurne;0;0;0;1;;;-1;2;Autocarro superiore 35 q.;In marcia / fermata / arresto;Conducente;M;Illeso;0;;Non accertato;Inesistente
1946397;5;04/06/2013 11:15;Strada Urbana;VIA TIBURTINA;all'intersezione con;VIA CARLO CANEVA;VIA CARLO CANEVA;;;Scontro laterale fra veicoli in marcia;Incrocio;Una carreggiata a senso unico di marcia;Asciutto;Asfaltata;Verticale ed orizzontale;Sereno;Normale;Buona;Ore Diurne;0;0;0;3;;;-1;1;Autovettura privata;In marcia / fermata / arresto;Conducente;M;Illeso;0;;Non accertato;Inesistente
1946397;5;04/06/2013 11:15;Strada Urbana;VIA TIBURTINA;all'intersezione con;VIA CARLO CANEVA;VIA CARLO CANEVA;;;Scontro laterale fra veicoli in marcia;Incrocio;Una carreggiata a senso unico di marcia;Asciutto;Asfaltata;Verticale ed orizzontale;Sereno;Normale;Buona;Ore Diurne;0;0;0;3;;;-1;1;Autovettura privata;In marcia / fermata / arresto;Passeggero;M;Illeso;0;;Non accertato;Inesistente
1946397;5;04/06/2013 11:15;Strada Urbana;VIA TIBURTINA;all'intersezione con;VIA CARLO CANEVA;VIA CARLO CANEVA;;;Scontro laterale fra veicoli in marcia;Incrocio;Una carreggiata a senso unico di marcia;Asciutto;Asfaltata;Verticale ed orizzontale;Sereno;Normale;Buona;Ore Diurne;0;0;0;3;;;-1;2;Autovettura privata;In marcia / fermata / arresto;Conducente;M;Illeso;0;;Non accertato;Inesistente
1946398;11;04/06/2013 09:30;Strada Urbana;VIA DEL PORTO FLUVIALE;da specificare;;;;fronte civ. 63;Investimento di pedone;Rettilineo;Una carreggiata a doppio senso;Asciutto;Asfaltata;Verticale ed orizzontale;Nuvoloso;Normale;Buona;Ore Diurne;1;0;0;1;;;-1;;;;Pedone;M;Ricoverato;0;NON DECEDUTO;;
1946398;11;04/06/2013 09:30;Strada Urbana;VIA DEL PORTO FLUVIALE;da specificare;;;;fronte civ. 63;Investimento di pedone;Rettilineo;Una carreggiata a doppio senso;Asciutto;Asfaltata;Verticale ed orizzontale;Nuvoloso;Normale;Buona;Ore Diurne;1;0;0;1;;;-1;1;Autocarro inferiore 35 q.;In marcia / fermata / arresto;Conducente;M;Illeso;0;;Non accertato;Inesistente
1946399;5;04/06/2013 12:10;Strada Urbana;PIAZZA RICCARDO BALSAMO CRIVELLI;in corrispondenza;;del civico n. ;33/B;;Investimento di pedone;Rettilineo;Una carreggiata a senso unico di marcia;Asciutto;Asfaltata;Orizzontale;Sereno;Normale;Buona;Ore Diurne;1;0;0;1;;;-1;;;;Pedone;F;Rimandato;0;NON DECEDUTO;;
1946399;5;04/06/2013 12:10;Strada Urbana;PIAZZA RICCARDO BALSAMO CRIVELLI;in corrispondenza;;del civico n. ;33/B;;Investimento di pedone;Rettilineo;Una carreggiata a senso unico di marcia;Asciutto;Asfaltata;Orizzontale;Sereno;Normale;Buona;Ore Diurne;1;0;0;1;;;-1;1;Autovettura privata;In marcia / fermata / arresto;Conducente;M;Illeso;0;;Non accertato;Inesistente
1946400;8;04/06/2013 06:50;Statale entro l'abitato;VIA CASILINA;in corrispondenza;;del civico n. ;1583;;Tamponamento;Rettilineo;Due carreggiate;Asciutto;Asfaltata;Orizzontale;Nuvoloso;Intenso;Sufficiente;Ore Diurne;0;0;0;2;;;-1;1;Autovettura privata;In marcia / fermata / arresto;Conducente;M;Illeso;0;;Non accertato;Inesistente
1946400;8;04/06/2013 06:50;Statale entro l'abitato;VIA CASILINA;in corrispondenza;;del civico n. ;1583;;Tamponamento;Rettilineo;Due carreggiate;Asciutto;Asfaltata;Orizzontale;Nuvoloso;Intenso;Sufficiente;Ore Diurne;0;0;0;2;;;-1;2;Autovettura privata;In marcia / fermata / arresto;Conducente;M;Illeso;0;;Non accertato;Inesistente
1946401;8;04/06/2013 08:00;Statale entro l'abitato;VIA CASILINA;all'intersezione semaforizzata con;PIAZZA DI TORRE GAIA;PIAZZA DI TORRE GAIA;;;Scontro frontale/laterale DX fra veicoli in marcia;Intersezione semaforizzata;Una carreggiata a doppio senso;Asciutto;Asfaltata;Verticale ed orizzontale;Sereno;Intenso;Buona;Ore Diurne;1;0;0;3;;;-1;1;Autovettura privata;In marcia / fermata / arresto;Conducente;M;Illeso;0;;Non accertato;Inesploso
1946401;8;04/06/2013 08:00;Statale entro l'abitato;VIA CASILINA;all'intersezione semaforizzata con;PIAZZA DI TORRE GAIA;PIAZZA DI TORRE GAIA;;;Scontro frontale/laterale DX fra veicoli in marcia;Intersezione semaforizzata;Una carreggiata a doppio senso;Asciutto;Asfaltata;Verticale ed orizzontale;Sereno;Intenso;Buona;Ore Diurne;1;0;0;3;;;-1;1;Autovettura privata;In marcia / fermata / arresto;Passeggero;M;Illeso;0;;Non accertato;Inesploso
1946401;8;04/06/2013 08:00;Statale entro l'abitato;VIA CASILINA;all'intersezione semaforizzata con;PIAZZA DI TORRE GAIA;PIAZZA DI TORRE GAIA;;;Scontro frontale/laterale DX fra veicoli in marcia;Intersezione semaforizzata;Una carreggiata a doppio senso;Asciutto;Asfaltata;Verticale ed orizzontale;Sereno;Intenso;Buona;Ore Diurne;1;0;0;3;;;-1;2;Autovettura privata;In marcia / fermata / arresto;Conducente;;Illeso;0;;Non accertato;Inesploso
1946401;8;04/06/2013 08:00;Statale entro l'abitato;VIA CASILINA;all'intersezione semaforizzata con;PIAZZA DI TORRE GAIA;PIAZZA DI TORRE GAIA;;;Scontro frontale/laterale DX fra veicoli in marcia;Intersezione semaforizzata;Una carreggiata a doppio senso;Asciutto;Asfaltata;Verticale ed orizzontale;Sereno;Intenso;Buona;Ore Diurne;1;0;0;3;;;-1;3;Autovettura privata;In marcia / fermata / arresto;Conducente;F;Rifiuta cure immediate;0;NON DECEDUTO;Non accertato;Inesploso
1946402;11;04/06/2013 13:30;Strada Urbana;VIALE GUGLIELMO MARCONI;all'intersezione semaforizzata con;VIA CORRADO SEGRE;VIA CORRADO SEGRE;;;Tamponamento;Intersezione semaforizzata;Due carreggiate;Asciutto;Asfaltata;Verticale ed orizzontale;Nuvoloso;Normale;Buona;Ore Diurne;1;0;0;1;;;-1;1;Motociclo a solo;In marcia / fermata / arresto;Conducente;M;Rimandato;0;NON DECEDUTO;Utilizzato;Inesistente
1946402;11;04/06/2013 13:30;Strada Urbana;VIALE GUGLIELMO MARCONI;all'intersezione semaforizzata con;VIA CORRADO SEGRE;VIA CORRADO SEGRE;;;Tamponamento;Intersezione semaforizzata;Due carreggiate;Asciutto;Asfaltata;Verticale ed orizzontale;Nuvoloso;Normale;Buona;Ore Diurne;1;0;0;1;;;-1;2;Autovettura privata;In marcia / fermata / arresto;Conducente;F;Illeso;0;;Non accertato;Inesistente
1946403;8;04/06/2013 08:05;Strada Urbana;VIA TUDIA;in prossimità;;del civico n. ;11;;Scontro laterale fra veicoli in marcia;Rettilineo;Una carreggiata a senso unico di marcia;Asciutto;Asfaltata;Verticale;Nuvoloso;Normale;Sufficiente;Ore Diurne;0;0;0;5;;;-1;1;Autovettura privata;In marcia / fermata / arresto;Conducente;F;Illeso;0;;Non accertato;Inesploso
1946403;8;04/06/2013 08:05;Strada Urbana;VIA TUDIA;in prossimità;;del civico n. ;11;;Scontro laterale fra veicoli in marcia;Rettilineo;Una carreggiata a senso unico di marcia;Asciutto;Asfaltata;Verticale;Nuvoloso;Normale;Sufficiente;Ore Diurne;0;0;0;5;;;-1;1;Autovettura privata;In marcia / fermata / arresto;Passeggero;M;Illeso;0;;Non accertato;Inesploso
1946403;8;04/06/2013 08:05;Strada Urbana;VIA TUDIA;in prossimità;;del civico n. ;11;;Scontro laterale fra veicoli in marcia;Rettilineo;Una carreggiata a senso unico di marcia;Asciutto;Asfaltata;Verticale;Nuvoloso;Normale;Sufficiente;Ore Diurne;0;0;0;5;;;-1;1;Autovettura privata;In marcia / fermata / arresto;Passeggero;F;Illeso;0;;Non accertato;Inesploso
1946403;8;04/06/2013 08:05;Strada Urbana;VIA TUDIA;in prossimità;;del civico n. ;11;;Scontro laterale fra veicoli in marcia;Rettilineo;Una carreggiata a senso unico di marcia;Asciutto;Asfaltata;Verticale;Nuvoloso;Normale;Sufficiente;Ore Diurne;0;0;0;5;;;-1;2;Autovettura privata;In marcia / fermata / arresto;Conducente;F;Illeso;0;;Non accertato;Inesploso
1946403;8;04/06/2013 08:05;Strada Urbana;VIA TUDIA;in prossimità;;del civico n. ;11;;Scontro laterale fra veicoli in marcia;Rettilineo;Una carreggiata a senso unico di marcia;Asciutto;Asfaltata;Verticale;Nuvoloso;Normale;Sufficiente;Ore Diurne;0;0;0;5;;;-1;2;Autovettura privata;In marcia / fermata / arresto;Passeggero;M;Illeso;0;;Non accertato;Inesploso
1946404;8;04/06/2013 12:30;Statale entro l'abitato;VIA CASILINA;in prossimità;;del civico n. ;1747/J;;Scontro laterale fra veicoli in marcia;Rettilineo;Una carreggiata a doppio senso;Asciutto;Asfaltata;Verticale ed orizzontale;Sereno;Normale;Buona;Ore Diurne;0;0;0;2;;;-1;1;Autovettura privata;In marcia / fermata / arresto;Conducente;M;Illeso;0;;Non accertato;Inesploso
1946404;8;04/06/2013 12:30;Statale entro l'abitato;VIA CASILINA;in prossimità;;del civico n. ;1747/J;;Scontro laterale fra veicoli in marcia;Rettilineo;Una carreggiata a doppio senso;Asciutto;Asfaltata;Verticale ed orizzontale;Sereno;Normale;Buona;Ore Diurne;0;0;0;2;;;-1;2;Autovettura privata;In marcia / fermata / arresto;Conducente;M;Illeso;0;;Non accertato;Inesistente
1946405;8;04/06/2013 15:20;Strada Urbana;VIA DI TOR BELLA MONACA;da specificare;;;;altezza Centro Sportivo direzione G.R.A.;Tamponamento Multiplo;Rettilineo;Una carreggiata a doppio senso;Asciutto;Asfaltata;Verticale ed orizzontale;Sereno;Normale;Buona;Ore Diurne;0;0;0;3;;;-1;1;Autovettura privata;In marcia / fermata / arresto;Conducente;;Illeso;0;;Non accertato;Inesploso
1946405;8;04/06/2013 15:20;Strada Urbana;VIA DI TOR BELLA MONACA;da specificare;;;;altezza Centro Sportivo direzione G.R.A.;Tamponamento Multiplo;Rettilineo;Una carreggiata a doppio senso;Asciutto;Asfaltata;Verticale ed orizzontale;Sereno;Normale;Buona;Ore Diurne;0;0;0;3;;;-1;2;Autovettura privata;In marcia / fermata / arresto;Conducente;F;Illeso;0;;Non accertato;Inesistente
1946405;8;04/06/2013 15:20;Strada Urbana;VIA DI TOR BELLA MONACA;da specificare;;;;altezza Centro Sportivo direzione G.R.A.;Tamponamento Multiplo;Rettilineo;Una carreggiata a doppio senso;Asciutto;Asfaltata;Verticale ed orizzontale;Sereno;Normale;Buona;Ore Diurne;0;0;0;3;;;-1;3;Autovettura privata;In marcia / fermata / arresto;Conducente;M;Illeso;0;;Non accertato;Inesistente
1946406;8;04/06/2013 19:00;Strada Urbana;VIA MONOPOLI;in prossimità;;del civico n. ;21;;Scontro laterale fra veicoli in marcia;Rettilineo;Una carreggiata a doppio senso;Asciutto;Asfaltata;Assente;Nuvoloso;Normale;Buona;Ore Diurne;0;0;0;2;;;-1;1;Autovettura privata;In marcia / fermata / arresto;Conducente;F;Illeso;0;;Non accertato;Inesistente
1946406;8;04/06/2013 19:00;Strada Urbana;VIA MONOPOLI;in prossimità;;del civico n. ;21;;Scontro laterale fra veicoli in marcia;Rettilineo;Una carreggiata a doppio senso;Asciutto;Asfaltata;Assente;Nuvoloso;Normale;Buona;Ore Diurne;0;0;0;2;;;-1;2;Autovettura privata;In marcia / fermata / arresto;Conducente;M;Illeso;0;;Non accertato;Inesistente
1946407;8;04/06/2013 23:15;Provinciale entro l'abitato;VIA PRENESTINA;in prossimità;;del civico n. ;1095;;Ribaltamento senza urto contro ostacolo fisso;Rettilineo;Una carreggiata a doppio senso;Bagnato (pioggia);Asfaltata;Verticale ed orizzontale;Pioggia in atto;Scarso;Buona;Sufficiente;1;0;0;0;;;-1;1;Autovettura privata;In marcia / fermata / arresto;Conducente;M;Rimandato;0;NON DECEDUTO;Non accertato;Esploso
1946408;9;04/06/2013 23:45;Strada Urbana;VIA APPIA NUOVA;all'intersezione con;VIA ALLUMIERE;VIA ALLUMIERE;;;Scontro frontale/laterale SX fra veicoli in marcia;Incrocio;Due carreggiate;Bagnato (pioggia);Asfaltata;Verticale ed orizzontale;Pioggia in atto;Scarso;Sufficiente;Sufficiente;1;0;0;1;;;-1;1;Motociclo a solo;In marcia / fermata / arresto;Conducente;M;Ricoverato;0;NON DECEDUTO;Non accertato;Inesistente
1946408;9;04/06/2013 23:45;Strada Urbana;VIA APPIA NUOVA;all'intersezione con;VIA ALLUMIERE;VIA ALLUMIERE;;;Scontro frontale/laterale SX fra veicoli in marcia;Incrocio;Due carreggiate;Bagnato (pioggia);Asfaltata;Verticale ed orizzontale;Pioggia in atto;Scarso;Sufficiente;Sufficiente;1;0;0;1;;;-1;2;Autovettura privata;In marcia / fermata / arresto;Conducente;M;Illeso;0;;Non accertato;Inesistente
1946409;5;04/06/2013 16:00;Strada Urbana;VIALE MARX;all'intersezione con;VIA SPINOZA;VIA SPINOZA;;;Scontro frontale/laterale SX fra veicoli in marcia;Rotatoria;Due carreggiate;Asciutto;Asfaltata;Verticale ed orizzontale;Sereno;Normale;Buona;Ore Diurne;0;0;0;2;;;-1;1;Autovettura privata;In marcia / fermata / arresto;Conducente;F;Illeso;0;;Non accertato;Inesistente
1946409;5;04/06/2013 16:00;Strada Urbana;VIALE MARX;all'intersezione con;VIA SPINOZA;VIA SPINOZA;;;Scontro frontale/laterale SX fra veicoli in marcia;Rotatoria;Due carreggiate;Asciutto;Asfaltata;Verticale ed orizzontale;Sereno;Normale;Buona;Ore Diurne;0;0;0;2;;;-1;2;Autovettura pubblica;In marcia / fermata / arresto;Conducente;M;Illeso;0;;Non accertato;Inesistente
1946410;13;04/06/2013 16:20;Strada Urbana;VIALE DEI ROMAGNOLI;da specificare;;;;prossimità Via A. da Garessio;Tamponamento;Rettilineo;Una carreggiata a doppio senso;Asciutto;Asfaltata;Verticale ed orizzontale;Sereno;Normale;Buona;Ore Diurne;0;0;0;2;;;-1;1;Autocarro inferiore 35 q.;In marcia / fermata / arresto;Conducente;M;Illeso;0;;Non accertato;Inesploso
1946410;13;04/06/2013 16:20;Strada Urbana;VIALE DEI ROMAGNOLI;da specificare;;;;prossimità Via A. da Garessio;Tamponamento;Rettilineo;Una carreggiata a doppio senso;Asciutto;Asfaltata;Verticale ed orizzontale;Sereno;Normale;Buona;Ore Diurne;0;0;0;2;;;-1;2;Veicolo speciale;In marcia / fermata / arresto;Conducente;M;Illeso;0;;Non accertato;Inesploso
1946411;11;05/06/2013 03:30;Strada Urbana;VIA SCARPERIA;all'intersezione con;VIA DELLA MAGLIANA;VIA DELLA MAGLIANA;;;Veicolo in marcia contro veicoli in sosta;Incrocio;Una carreggiata a senso unico di marcia;Bagnato (umidità in atto);Asfaltata;Verticale ed orizzontale;Nuvoloso;Scarso;Buona;Sufficiente;0;0;0;2;;;-1;1;Autovettura privata;In marcia / fermata / arresto;Passeggero;M;Illeso;0;;Non accertato;Inesistente
1946411;11;05/06/2013 03:30;Strada Urbana;VIA SCARPERIA;all'intersezione con;VIA DELLA MAGLIANA;VIA DELLA MAGLIANA;;;Veicolo in marcia contro veicoli in sosta;Incrocio;Una carreggiata a senso unico di marcia;Bagnato (umidità in atto);Asfaltata;Verticale ed orizzontale;Nuvoloso;Scarso;Buona;Sufficiente;0;0;0;2;;;-1;1;Autovettura privata;In marcia / fermata / arresto;Passeggero;F;Illeso;0;;Non accertato;Inesistente
1946412;9;05/06/2013 01:10;Strada Urbana;VIA ROCCA DI PAPA;all'intersezione con;VIA TUSCOLANA;VIA TUSCOLANA;;;Scontro frontale/laterale DX fra veicoli in marcia;Incrocio;Una carreggiata a senso unico di marcia;Bagnato (umidità in atto);Asfaltata;Verticale ed orizzontale;Nuvoloso;Scarso;Buona;Sufficiente;2;0;0;1;;;-1;1;Autovettura di polizia;In marcia / fermata / arresto;Conducente;M;Rimandato;0;NON DECEDUTO;Non accertato;Inesistente
1946412;9;05/06/2013 01:10;Strada Urbana;VIA ROCCA DI PAPA;all'intersezione con;VIA TUSCOLANA;VIA TUSCOLANA;;;Scontro frontale/laterale DX fra veicoli in marcia;Incrocio;Una carreggiata a senso unico di marcia;Bagnato (umidità in atto);Asfaltata;Verticale ed orizzontale;Nuvoloso;Scarso;Buona;Sufficiente;2;0;0;1;;;-1;1;Autovettura di polizia;In marcia / fermata / arresto;Passeggero;M;Rimandato;0;NON DECEDUTO;Non accertato;Inesploso
1946412;9;05/06/2013 01:10;Strada Urbana;VIA ROCCA DI PAPA;all'intersezione con;VIA TUSCOLANA;VIA TUSCOLANA;;;Scontro frontale/laterale DX fra veicoli in marcia;Incrocio;Una carreggiata a senso unico di marcia;Bagnato (umidità in atto);Asfaltata;Verticale ed orizzontale;Nuvoloso;Scarso;Buona;Sufficiente;2;0;0;1;;;-1;2;Autovettura privata;In marcia / fermata / arresto;Conducente;M;Illeso;0;;Non accertato;Inesploso
1946413;19;04/06/2013 08:15;Strada Urbana;VIA DELLA VALLE DEI FONTANILI;da specificare;;;;IN PROSSIMITA' DI VIA GUICCIARDI;Tamponamento;Rettilineo;Una carreggiata a doppio senso;Asciutto;Asfaltata;Assente;Sereno;Normale;Buona;Ore Diurne;0;0;0;3;;;-1;1;Autovettura privata;In marcia / fermata / arresto;Conducente;F;Illeso;0;;Non accertato;Inesistente
1946413;19;04/06/2013 08:15;Strada Urbana;VIA DELLA VALLE DEI FONTANILI;da specificare;;;;IN PROSSIMITA' DI VIA GUICCIARDI;Tamponamento;Rettilineo;Una carreggiata a doppio senso;Asciutto;Asfaltata;Assente;Sereno;Normale;Buona;Ore Diurne;0;0;0;3;;;-1;2;Autovettura privata;In marcia / fermata / arresto;Conducente;F;Illeso;0;;Non accertato;Inesistente