Protocollo;Gruppo;DataOraIncidente;Localizzazione1;STRADA1;Localizzazione2;STRADA2;Strada02;Chilometrica;DaSpecificare;NaturaIncidente;particolaritastrade;TipoStrada;FondoStradale;Pavimentazione;Segnaletica;CondizioneAtmosferica;Traffico;Visibilita;Illuminazione;NUM_FERITI;NUM_RISERVATA;NUM_MORTI;NUM_ILLESI;Longitudine;Latitudine;Confermato;Progressivo;TipoVeicolo;StatoVeicolo;TipoPersona;Sesso;Tipolesione;Deceduto;DecedutoDopo;CinturaCascoUtilizzato;Airbag
1947240;23;12/06/2013 14:40;Strada Urbana;PIAZZA DI PONTE UMBERTO I;all'intersezione semaforizzata con;LUNGOTEVERE MARZIO;LUNGOTEVERE MARZIO;;;Scontro laterale fra veicoli in marcia;Intersezione semaforizzata;Una carreggiata a senso unico di marcia;Asciutto;Asfaltata;Verticale ed orizzontale;Sereno;Normale;Buona;Ore Diurne;0;0;0;3;;;-1;1;Autovettura privata;In marcia / fermata / arresto;Conducente;F;Illeso;0;;Non accertato;Inesploso
1947240;23;12/06/2013 14:40;Strada Urbana;PIAZZA DI PONTE UMBERTO I;all'intersezione semaforizzata con;LUNGOTEVERE MARZIO;LUNGOTEVERE MARZIO;;;Scontro laterale fra veicoli in marcia;Intersezione semaforizzata;Una carreggiata a senso unico di marcia;Asciutto;Asfaltata;Verticale ed orizzontale;Sereno;Normale;Buona;Ore Diurne;0;0;0;3;;;-1;2;Autobus di linea;In marcia / fermata / arresto;Conducente;M;Illeso;0;;Non accertato;Inesploso
1947240;23;12/06/2013 14:40;Strada Urbana;PIAZZA DI PONTE UMBERTO I;all'intersezione semaforizzata con;LUNGOTEVERE MARZIO;LUNGOTEVERE MARZIO;;;Scontro laterale fra veicoli in marcia;Intersezione semaforizzata;Una carreggiata a senso unico di marcia;Asciutto;Asfaltata;Verticale ed orizzontale;Sereno;Normale;Buona;Ore Diurne;0;0;0;3;;;-1;2;Autobus di linea;In marcia / fermata / arresto;Passeggero;M;Illeso;0;;Esente;Inesistente
1947241;3;12/06/2013 18:00;Strada Urbana;VIALE DELL'UNIVERSITA';da specificare;;;;fronte civico 30;Scontro laterale fra veicoli in marcia;Rettilineo;Una carreggiata a doppio senso;Asciutto;Asfaltata;Verticale ed orizzontale;Sereno;Normale;Buona;Ore Diurne;1;0;0;2;;;-1;1;Autovettura privata;In marcia / fermata / arresto;Conducente;M;Illeso;0;;Non accertato;Inesistente
1947241;3;12/06/2013 18:00;Strada Urbana;VIALE DELL'UNIVERSITA';da specificare;;;;fronte civico 30;Scontro laterale fra veicoli in marcia;Rettilineo;Una carreggiata a doppio senso;Asciutto;Asfaltata;Verticale ed orizzontale;Sereno;Normale;Buona;Ore Diurne;1;0;0;2;;;-1;1;Autovettura privata;In marcia / fermata / arresto;Passeggero;F;Illeso;0;;Non accertato;Inesistente
1947241;3;12/06/2013 18:00;Strada Urbana;VIALE DELL'UNIVERSITA';da specificare;;;;fronte civico 30;Scontro laterale fra veicoli in marcia;Rettilineo;Una carreggiata a doppio senso;Asciutto;Asfaltata;Verticale ed orizzontale;Sereno;Normale;Buona;Ore Diurne;1;0;0;2;;;-1;2;Motociclo a solo;In marcia / fermata / arresto;Conducente;M;Rimandato;0;NON DECEDUTO;Non accertato;Inesistente
1947242;1;10/06/2013 21:30;Strada Urbana;VIA PRINCIPE UMBERTO;in prossimità;;del civico n. ;71;;Veicolo in marcia contro veicolo in sosta;Rettilineo;Una carreggiata a doppio senso;Asciutto;Asfaltata;Verticale ed orizzontale;Sereno;Scarso;Sufficiente;Sufficiente;0;0;0;1;;;-1;1;Autovettura privata;In marcia / fermata / arresto;Conducente;M;Illeso;0;;Non accertato;Inesistente
1947243;12;12/06/2013 18:30;Strada Urbana;VIALE UMBERTO TUPINI;all'intersezione con;VIALE EUROPA;VIALE EUROPA;;;Scontro laterale fra veicoli in marcia;Incrocio;Una carreggiata a doppio senso;Asciutto;Asfaltata;Verticale ed orizzontale;Sereno;Normale;Buona;Ore Diurne;0;0;0;2;;;-1;1;Motociclo a solo;In marcia / fermata / arresto;Conducente;M;Illeso;0;;Utilizzato;Inesploso
1947243;12;12/06/2013 18:30;Strada Urbana;VIALE UMBERTO TUPINI;all'intersezione con;VIALE EUROPA;VIALE EUROPA;;;Scontro laterale fra veicoli in marcia;Incrocio;Una carreggiata a doppio senso;Asciutto;Asfaltata;Verticale ed orizzontale;Sereno;Normale;Buona;Ore Diurne;0;0;0;2;;;-1;2;Autovettura privata;In marcia / fermata / arresto;Conducente;M;Illeso;0;;Utilizzato;Inesploso
1947244;1;12/06/2013 16:10;Strada Urbana;LUNGOTEVERE TOR DI NONA;da specificare;;;;in corrispondenza di via del mastro;Veicolo in marcia contro ostacolo accidentale;Rettilineo;Una carreggiata a senso unico di marcia;Asciutto;Asfaltata;Verticale ed orizzontale;Sereno;Intenso;Buona;Ore Diurne;0;0;0;1;;;-1;1;Autovettura privata;In marcia / fermata / arresto;Conducente;M;Illeso;0;;Non accertato;Inesistente
1947245;4;12/06/2013 09:00;Strada Urbana;VIA DELLA BUFALOTTA;all'intersezione con;VIA OLINDO GUERRINI;VIA OLINDO GUERRINI;;;Tamponamento;Incrocio;Una carreggiata a doppio senso;Asciutto;Asfaltata;Verticale ed orizzontale;Sereno;Intenso;Buona;Ore Diurne;2;0;0;0;;;-1;1;Motociclo a solo;In marcia / fermata / arresto;Conducente;M;Rifiuta cure immediate;0;NON DECEDUTO;Non accertato;Inesistente
1947245;4;12/06/2013 09:00;Strada Urbana;VIA DELLA BUFALOTTA;all'intersezione con;VIA OLINDO GUERRINI;VIA OLINDO GUERRINI;;;Tamponamento;Incrocio;Una carreggiata a doppio senso;Asciutto;Asfaltata;Verticale ed orizzontale;Sereno;Intenso;Buona;Ore Diurne;2;0;0;0;;;-1;2;Motociclo a solo;In marcia / fermata / arresto;Conducente;M;Rimandato;0;NON DECEDUTO;Non accertato;Inesistente
1947246;20;12/06/2013 18:30;Strada Urbana;VIA DI VALLE MURICANA;in prossimità;;del civico n. ;489;;Tamponamento Multiplo;Rettilineo;Una carreggiata a doppio senso;Asciutto;Asfaltata;Orizzontale;Sereno;Normale;Buona;Ore Diurne;0;0;0;5;;;-1;1;Autovettura privata;In marcia / fermata / arresto;Conducente;M;Illeso;0;;Non accertato;Inesistente
1947246;20;12/06/2013 18:30;Strada Urbana;VIA DI VALLE MURICANA;in prossimità;;del civico n. ;489;;Tamponamento Multiplo;Rettilineo;Una carreggiata a doppio senso;Asciutto;Asfaltata;Orizzontale;Sereno;Normale;Buona;Ore Diurne;0;0;0;5;;;-1;1;Autovettura privata;In marcia / fermata / arresto;Passeggero;F;Illeso;0;;Non accertato;Inesistente
1947246;20;12/06/2013 18:30;Strada Urbana;VIA DI VALLE MURICANA;in prossimità;;del civico n. ;489;;Tamponamento Multiplo;Rettilineo;Una carreggiata a doppio senso;Asciutto;Asfaltata;Orizzontale;Sereno;Normale;Buona;Ore Diurne;0;0;0;5;;;-1;2;Autovettura privata;In marcia / fermata / arresto;Conducente;M;Illeso;0;;Non accertato;Inesistente
1947246;20;12/06/2013 18:30;Strada Urbana;VIA DI VALLE MURICANA;in prossimità;;del civico n. ;489;;Tamponamento Multiplo;Rettilineo;Una carreggiata a doppio senso;Asciutto;Asfaltata;Orizzontale;Sereno;Normale;Buona;Ore Diurne;0;0;0;5;;;-1;3;Autovettura privata;In marcia / fermata / arresto;Conducente;M;Illeso;0;;Non accertato;Inesistente
1947246;20;12/06/2013 18:30;Strada Urbana;VIA DI VALLE MURICANA;in prossimità;;del civico n. ;489;;Tamponamento Multiplo;Rettilineo;Una carreggiata a doppio senso;Asciutto;Asfaltata;Orizzontale;Sereno;Normale;Buona;Ore Diurne;0;0;0;5;;;-1;3;Autovettura privata;In marcia / fermata / arresto;Passeggero;M;Illeso;0;;Non accertato;Inesistente
1947247;7;13/06/2013 08:25;Strada Urbana;VIA DI TOR TRE TESTE;all'intersezione con;VIA CARLO BUTTARELLI;VIA CARLO BUTTARELLI;;;Veicolo in marcia contro ostacolo fisso;Incrocio;Una carreggiata a senso unico di marcia;Asciutto;Strada pavimentata dissestata;Assente;Sereno;Normale;Buona;Ore Diurne;0;0;0;2;;;-1;1;Autovettura di polizia;In marcia / fermata / arresto;Conducente;M;Illeso;0;;Non accertato;Inesistente
1947247;7;13/06/2013 08:25;Strada Urbana;VIA DI TOR TRE TESTE;all'intersezione con;VIA CARLO BUTTARELLI;VIA CARLO BUTTARELLI;;;Veicolo in marcia contro ostacolo fisso;Incrocio;Una carreggiata a senso unico di marcia;Asciutto;Strada pavimentata dissestata;Assente;Sereno;Normale;Buona;Ore Diurne;0;0;0;2;;;-1;1;Autovettura di polizia;In marcia / fermata / arresto;Passeggero;M;Illeso;0;;Non accertato;Inesploso
1947248;18;13/06/2013 01:00;Strada Urbana;CIRCONVALLAZIONE AURELIA;all'intersezione semaforizzata con;VIA AURELIA;VIA AURELIA;;;Scontro frontale fra veicoli in marcia;Intersezione semaforizzata;Due carreggiate;Asciutto;Asfaltata;Verticale ed orizzontale;Sereno;Normale;Buona;Sufficiente;2;0;0;2;;;-1;1;Motociclo a solo;In marcia / fermata / arresto;Conducente;M;Rimandato;0;NON DECEDUTO;Non accertato;Inesistente
1947248;18;13/06/2013 01:00;Strada Urbana;CIRCONVALLAZIONE AURELIA;all'intersezione semaforizzata con;VIA AURELIA;VIA AURELIA;;;Scontro frontale fra veicoli in marcia;Intersezione semaforizzata;Due carreggiate;Asciutto;Asfaltata;Verticale ed orizzontale;Sereno;Normale;Buona;Sufficiente;2;0;0;2;;;-1;1;Motociclo a solo;In marcia / fermata / arresto;Passeggero;M;Rimandato;0;NON DECEDUTO;Non accertato;Inesistente
1947248;18;13/06/2013 01:00;Strada Urbana;CIRCONVALLAZIONE AURELIA;all'intersezione semaforizzata con;VIA AURELIA;VIA AURELIA;;;Scontro frontale fra veicoli in marcia;Intersezione semaforizzata;Due carreggiate;Asciutto;Asfaltata;Verticale ed orizzontale;Sereno;Normale;Buona;Sufficiente;2;0;0;2;;;-1;2;Autovettura privata;In marcia / fermata / arresto;Conducente;M;Illeso;0;;Non accertato;Inesploso
1947248;18;13/06/2013 01:00;Strada Urbana;CIRCONVALLAZIONE AURELIA;all'intersezione semaforizzata con;VIA AURELIA;VIA AURELIA;;;Scontro frontale fra veicoli in marcia;Intersezione semaforizzata;Due carreggiate;Asciutto;Asfaltata;Verticale ed orizzontale;Sereno;Normale;Buona;Sufficiente;2;0;0;2;;;-1;2;Autovettura privata;In marcia / fermata / arresto;Passeggero;M;Illeso;0;;Non accertato;Inesistente
1947249;4;12/06/2013 14:00;Strada Urbana;VIA DEL MONTE DI CASA;in prossimità;;del civico n. ;36;;Infortunio per sola frenata improvvisa;Rettilineo;Una carreggiata a doppio senso;Asciutto;Asfaltata;Assente;Sereno;Scarso;Buona;Ore Diurne;1;0;0;0;;;-1;1;Motociclo a solo;In marcia / fermata / arresto;Conducente;M;Rimandato;0;NON DECEDUTO;Non accertato;Inesistente
1947250;3;12/06/2013 23:50;Strada Urbana;PIAZZALE DELLE PROVINCIE;all'intersezione con;VIALE IPPOCRATE;VIALE IPPOCRATE;;;Scontro laterale fra veicoli in marcia;Intersezione stradale segnalata;Una carreggiata a senso unico di marcia;Asciutto;Asfaltata;Verticale ed orizzontale;Sereno;Normale;Buona;Sufficiente;1;0;0;1;;;-1;1;Autovettura privata;In marcia / fermata / arresto;Conducente;M;Illeso;0;;Utilizzato;Inesistente
1947250;3;12/06/2013 23:50;Strada Urbana;PIAZZALE DELLE PROVINCIE;all'intersezione con;VIALE IPPOCRATE;VIALE IPPOCRATE;;;Scontro laterale fra veicoli in marcia;Intersezione stradale segnalata;Una carreggiata a senso unico di marcia;Asciutto;Asfaltata;Verticale ed orizzontale;Sereno;Normale;Buona;Sufficiente;1;0;0;1;;;-1;2;Velocipede;In marcia / fermata / arresto;Conducente;M;Ricoverato;0;NON DECEDUTO;Non utilizzato;Inesistente
1947251;1;11/06/2013 12:05;Strada Urbana;VIA BENIAMINO FRANKLIN;all'intersezione semaforizzata con;VIA ALDO MANUZIO;VIA ALDO MANUZIO;;;Scontro frontale/laterale DX fra veicoli in marcia;Incrocio;Una carreggiata a doppio senso;Asciutto;Asfaltata;Verticale ed orizzontale;Sereno;Scarso;Buona;Ore Diurne;0;0;0;2;;;-1;1;Autovettura privata;In marcia / fermata / arresto;Conducente;M;Illeso;0;;Non accertato;Inesistente
1947251;1;11/06/2013 12:05;Strada Urbana;VIA BENIAMINO FRANKLIN;all'intersezione semaforizzata con;VIA ALDO MANUZIO;VIA ALDO MANUZIO;;;Scontro frontale/laterale DX fra veicoli in marcia;Incrocio;Una carreggiata a doppio senso;Asciutto;Asfaltata;Verticale ed orizzontale;Sereno;Scarso;Buona;Ore Diurne;0;0;0;2;;;-1;2;Ciclomotore;In marcia / fermata / arresto;Conducente;M;Illeso;0;;Non accertato;Inesistente
1947252;4;12/06/2013 18:40;Strada Urbana;VIA UGO OJETTI;da specificare;;;;altezza rotatoria via Casal Boccone;Scontro laterale fra veicoli in marcia;Rotatoria;Due carreggiate;Asciutto;Asfaltata;Verticale ed orizzontale;Sereno;Normale;Buona;Ore Diurne;1;0;0;1;;;-1;1;Autovettura privata;In marcia / fermata / arresto;Conducente;F;Rifiuta cure immediate;0;NON DECEDUTO;Non accertato;Inesistente
1947252;4;12/06/2013 18:40;Strada Urbana;VIA UGO OJETTI;da specificare;;;;altezza rotatoria via Casal Boccone;Scontro laterale fra veicoli in marcia;Rotatoria;Due carreggiate;Asciutto;Asfaltata;Verticale ed orizzontale;Sereno;Normale;Buona;Ore Diurne;1;0;0;1;;;-1;2;Autovettura privata;In marcia / fermata / arresto;Conducente;M;Illeso;0;;Non accertato;Inesistente
1947253;3;13/06/2013 06:30;Strada Urbana;CIRCONVALLAZIONE TIBURTINA;da specificare;;;;dir. S.Giovanni fronte Easy box;Tamponamento Multiplo;Rettilineo;Due carreggiate;Asciutto;Asfaltata;Verticale ed orizzontale;Sereno;Intenso;Buona;Ore Diurne;0;0;0;3;;;-1;1;Autovettura privata;In marcia / fermata / arresto;Conducente;M;Illeso;0;;Utilizzato;Inesistente
1947253;3;13/06/2013 06:30;Strada Urbana;CIRCONVALLAZIONE TIBURTINA;da specificare;;;;dir. S.Giovanni fronte Easy box;Tamponamento Multiplo;Rettilineo;Due carreggiate;Asciutto;Asfaltata;Verticale ed orizzontale;Sereno;Intenso;Buona;Ore Diurne;0;0;0;3;;;-1;2;Autovettura privata;In marcia / fermata / arresto;Conducente;M;Illeso;0;;Utilizzato;Inesistente
1947253;3;13/06/2013 06:30;Strada Urbana;CIRCONVALLAZIONE TIBURTINA;da specificare;;;;dir. S.Giovanni fronte Easy box;Tamponamento Multiplo;Rettilineo;Due carreggiate;Asciutto;Asfaltata;Verticale ed orizzontale;Sereno;Intenso;Buona;Ore Diurne;0;0;0;3;;;-1;3;Autovettura privata;In marcia / fermata / arresto;Conducente;M;Illeso;0;;Utilizzato;Inesistente
1947254;4;12/06/2013 07:05;Strada Urbana;VIA PIAN DI SCO;all'intersezione con;VIA CASOLE D'ELSA;VIA CASOLE D'ELSA;;;Scontro frontale/laterale SX fra veicoli in marcia;Incrocio;Una carreggiata a doppio senso;Asciutto;Asfaltata;Verticale ed orizzontale;Sereno;Normale;Buona;Ore Diurne;1;0;0;2;;;-1;1;Motociclo a solo;In marcia / fermata / arresto;Conducente;M;Rimandato;0;NON DECEDUTO;Non accertato;Inesistente
1947254;4;12/06/2013 07:05;Strada Urbana;VIA PIAN DI SCO;all'intersezione con;VIA CASOLE D'ELSA;VIA CASOLE D'ELSA;;;Scontro frontale/laterale SX fra veicoli in marcia;Incrocio;Una carreggiata a doppio senso;Asciutto;Asfaltata;Verticale ed orizzontale;Sereno;Normale;Buona;Ore Diurne;1;0;0;2;;;-1;2;Autovettura privata;In marcia / fermata / arresto;Conducente;F;Illeso;0;;Non accertato;Inesistente
1947254;4;12/06/2013 07:05;Strada Urbana;VIA PIAN DI SCO;all'intersezione con;VIA CASOLE D'ELSA;VIA CASOLE D'ELSA;;;Scontro frontale/laterale SX fra veicoli in marcia;Incrocio;Una carreggiata a doppio senso;Asciutto;Asfaltata;Verticale ed orizzontale;Sereno;Normale;Buona;Ore Diurne;1;0;0;2;;;-1;2;Autovettura privata;In marcia / fermata / arresto;Passeggero;F;Illeso;0;;Non accertato;Inesistente
1947255;1;12/06/2013 22:00;Strada Urbana;VIA PANISPERNA;in prossimità;;del civico n. ;253;;Veicolo in marcia contro veicolo in sosta;Rettilineo;Una carreggiata a senso unico di marcia;Asciutto;In cubetti di porfido;Verticale ed orizzontale;Sereno;Scarso;Sufficiente;Sufficiente;0;0;0;1;;;-1;1;Autovettura privata;In marcia / fermata / arresto;Conducente;M;Illeso;0;;Non accertato;Inesistente
1947256;2;13/06/2013 07:50;Strada Urbana;VIALE BRUNO BUOZZI;in corrispondenza;;del civico n. ;2;;Investimento di pedone;Rettilineo;Una carreggiata a doppio senso;Asciutto;Asfaltata;Orizzontale;Sereno;Scarso;Buona;Ore Diurne;0;0;1;1;;;-1;;;;Pedone;M;Prognosi riservata;0;DECEDUTO ENTRO IL SESTO GIORNO;;
1947256;2;13/06/2013 07:50;Strada Urbana;VIALE BRUNO BUOZZI;in corrispondenza;;del civico n. ;2;;Investimento di pedone;Rettilineo;Una carreggiata a doppio senso;Asciutto;Asfaltata;Orizzontale;Sereno;Scarso;Buona;Ore Diurne;0;0;1;1;;;-1;1;Motociclo a solo;In marcia / fermata / arresto;Conducente;M;Illeso;0;;Non accertato;Inesistente
1947257;2;13/06/2013 03:15;Strada Urbana;VIALE DEL MURO TORTO;da specificare;;;;altezza uscita VIA VENETO;Veicolo in marcia contro ostacolo fisso;Rettilineo;Due carreggiate;Asciutto;Asfaltata;Verticale ed orizzontale;Sereno;Scarso;Sufficiente;Sufficiente;0;0;0;4;;;-1;1;Autovettura privata;In marcia / fermata / arresto;Conducente;F;Illeso;0;;Non accertato;Inesploso
1947257;2;13/06/2013 03:15;Strada Urbana;VIALE DEL MURO TORTO;da specificare;;;;altezza uscita VIA VENETO;Veicolo in marcia contro ostacolo fisso;Rettilineo;Due carreggiate;Asciutto;Asfaltata;Verticale ed orizzontale;Sereno;Scarso;Sufficiente;Sufficiente;0;0;0;4;;;-1;1;Autovettura privata;In marcia / fermata / arresto;Passeggero;M;Illeso;0;;Non accertato;Inesploso
1947257;2;13/06/2013 03:15;Strada Urbana;VIALE DEL MURO TORTO;da specificare;;;;altezza uscita VIA VENETO;Veicolo in marcia contro ostacolo fisso;Rettilineo;Due carreggiate;Asciutto;Asfaltata;Verticale ed orizzontale;Sereno;Scarso;Sufficiente;Sufficiente;0;0;0;4;;;-1;1;Autovettura privata;In marcia / fermata / arresto;Passeggero;F;Illeso;0;;Non accertato;Inesploso
1947257;2;13/06/2013 03:15;Strada Urbana;VIALE DEL MURO TORTO;da specificare;;;;altezza uscita VIA VENETO;Veicolo in marcia contro ostacolo fisso;Rettilineo;Due carreggiate;Asciutto;Asfaltata;Verticale ed orizzontale;Sereno;Scarso;Sufficiente;Sufficiente;0;0;0;4;;;-1;1;Autovettura privata;In marcia / fermata / arresto;Passeggero;M;Illeso;0;;Non accertato;Inesploso
1947259;1;12/06/2013 14:20;Strada Urbana;VIA ROMAGNA;all'intersezione con;VIA SARDEGNA;VIA SARDEGNA;;;Veicoli in marcia contro veicoli fermi;Incrocio;Una carreggiata a senso unico di marcia;Asciutto;Asfaltata;Verticale ed orizzontale;Sereno;Normale;Buona;Ore Diurne;5;0;0;0;;;-1;;;;Pedone;M;Rifiuta cure immediate;0;NON DECEDUTO;;
1947259;1;12/06/2013 14:20;Strada Urbana;VIA ROMAGNA;all'intersezione con;VIA SARDEGNA;VIA SARDEGNA;;;Veicoli in marcia contro veicoli fermi;Incrocio;Una carreggiata a senso unico di marcia;Asciutto;Asfaltata;Verticale ed orizzontale;Sereno;Normale;Buona;Ore Diurne;5;0;0;0;;;-1;;;;Pedone;F;Rifiuta cure immediate;0;NON DECEDUTO;;
1947259;1;12/06/2013 14:20;Strada Urbana;VIA ROMAGNA;all'intersezione con;VIA SARDEGNA;VIA SARDEGNA;;;Veicoli in marcia contro veicoli fermi;Incrocio;Una carreggiata a senso unico di marcia;Asciutto;Asfaltata;Verticale ed orizzontale;Sereno;Normale;Buona;Ore Diurne;5;0;0;0;;;-1;1;Autovettura privata;In marcia / fermata / arresto;Conducente;M;Rifiuta cure immediate;0;NON DECEDUTO;Non accertato;Esploso
1947259;1;12/06/2013 14:20;Strada Urbana;VIA ROMAGNA;all'intersezione con;VIA SARDEGNA;VIA SARDEGNA;;;Veicoli in marcia contro veicoli fermi;Incrocio;Una carreggiata a senso unico di marcia;Asciutto;Asfaltata;Verticale ed orizzontale;Sereno;Normale;Buona;Ore Diurne;5;0;0;0;;;-1;2;Quadriciclo leggero;In marcia / fermata / arresto;Conducente;F;Rimandato;0;NON DECEDUTO;Non accertato;Inesistente
1947259;1;12/06/2013 14:20;Strada Urbana;VIA ROMAGNA;all'intersezione con;VIA SARDEGNA;VIA SARDEGNA;;;Veicoli in marcia contro veicoli fermi;Incrocio;Una carreggiata a senso unico di marcia;Asciutto;Asfaltata;Verticale ed orizzontale;Sereno;Normale;Buona;Ore Diurne;5;0;0;0;;;-1;2;Quadriciclo leggero;In marcia / fermata / arresto;Passeggero;F;Rimandato;0;NON DECEDUTO;Non accertato;Inesistente
1947260;2;12/06/2013 19:30;Strada Urbana;VIA MASSACIUCCOLI;all'intersezione con;VIA LAGO DI LESINA;VIA LAGO DI LESINA;;;Scontro frontale/laterale SX fra veicoli in marcia;Incrocio;Una carreggiata a senso unico di marcia;Asciutto;Asfaltata;Orizzontale;Sereno;Normale;Buona;Ore Diurne;0;0;0;2;;;-1;1;Autovettura privata;In marcia / fermata / arresto;Conducente;M;Illeso;0;;Non accertato;Inesistente
1947260;2;12/06/2013 19:30;Strada Urbana;VIA MASSACIUCCOLI;all'intersezione con;VIA LAGO DI LESINA;VIA LAGO DI LESINA;;;Scontro frontale/laterale SX fra veicoli in marcia;Incrocio;Una carreggiata a senso unico di marcia;Asciutto;Asfaltata;Orizzontale;Sereno;Normale;Buona;Ore Diurne;0;0;0;2;;;-1;2;Autovettura privata;In marcia / fermata / arresto;Conducente;M;Illeso;0;;Non accertato;Inesistente
1947261;9;13/06/2013 07:30;Strada Urbana;VIA DELL'ARCO DI TRAVERTINO;da specificare;;;;FRONTE CIVICO  21;Scontro laterale fra veicoli in marcia;Rettilineo;Due carreggiate;Asciutto;Asfaltata;Verticale ed orizzontale;Sereno;Normale;Buona;Ore Diurne;0;0;0;2;;;-1;1;Autovettura privata;In marcia / fermata / arresto;Conducente;F;Illeso;0;;Utilizzato;Inesploso
1947261;9;13/06/2013 07:30;Strada Urbana;VIA DELL'ARCO DI TRAVERTINO;da specificare;;;;FRONTE CIVICO  21;Scontro laterale fra veicoli in marcia;Rettilineo;Due carreggiate;Asciutto;Asfaltata;Verticale ed orizzontale;Sereno;Normale;Buona;Ore Diurne;0;0;0;2;;;-1;2;Autovettura privata;In marcia / fermata / arresto;Conducente;M;Illeso;0;;Utilizzato;Inesploso
1947262;12;12/06/2013 12:50;Strada Urbana;VIALE PASTEUR;all'intersezione con;VIA DELL'ELETTRONICA;VIA DELL'ELETTRONICA;;;Scontro frontale/laterale DX fra veicoli in marcia;Incrocio;Una carreggiata a doppio senso;Asciutto;Asfaltata;Verticale;Sereno;Normale;Buona;Ore Diurne;1;0;0;1;;;-1;1;Autovettura pubblica;In marcia / fermata / arresto;Conducente;M;Illeso;0;;Utilizzato;Inesploso
1947262;12;12/06/2013 12:50;Strada Urbana;VIALE PASTEUR;all'intersezione con;VIA DELL'ELETTRONICA;VIA DELL'ELETTRONICA;;;Scontro frontale/laterale DX fra veicoli in marcia;Incrocio;Una carreggiata a doppio senso;Asciutto;Asfaltata;Verticale;Sereno;Normale;Buona;Ore Diurne;1;0;0;1;;;-1;2;Autovettura privata;In marcia / fermata / arresto;Conducente;F;Rimandato;0;NON DECEDUTO;Utilizzato;Inesploso
1947263;19;13/06/2013 09:25;Strada Urbana;VIA BENEDETTO ALOISI MASELLA;in prossimità;;del civico n. ;7;;Veicolo in marcia contro veicolo in sosta;Rettilineo;Una carreggiata a doppio senso;Asciutto;Asfaltata;Orizzontale;Sereno;Normale;Buona;Ore Diurne;0;0;0;3;;;-1;2;Autovettura privata;In marcia / fermata / arresto;Conducente;F;Illeso;0;;Non accertato;Inesploso
1947263;19;13/06/2013 09:25;Strada Urbana;VIA BENEDETTO ALOISI MASELLA;in prossimità;;del civico n. ;7;;Veicolo in marcia contro veicolo in sosta;Rettilineo;Una carreggiata a doppio senso;Asciutto;Asfaltata;Orizzontale;Sereno;Normale;Buona;Ore Diurne;0;0;0;3;;;-1;2;Autovettura privata;In marcia / fermata / arresto;Passeggero;F;Illeso;0;;Non accertato;Inesistente
1947263;19;13/06/2013 09:25;Strada Urbana;VIA BENEDETTO ALOISI MASELLA;in prossimità;;del civico n. ;7;;Veicolo in marcia contro veicolo in sosta;Rettilineo;Una carreggiata a doppio senso;Asciutto;Asfaltata;Orizzontale;Sereno;Normale;Buona;Ore Diurne;0;0;0;3;;;-1;2;Autovettura privata;In marcia / fermata / arresto;Passeggero;M;Illeso;0;;Non accertato;Inesploso
1947264;17;12/06/2013 13:00;Strada Urbana;PIAZZA DEI TRIBUNALI;da specificare;;;;nei pressi di Via Triboniano;Scontro laterale fra veicoli in marcia;Curva a visuale libera;Due carreggiate;Asciutto;Asfaltata;Verticale ed orizzontale;Sereno;Intenso;Buona;Ore Diurne;0;0;0;3;;;-1;1;Autobus turistico;In marcia / fermata / arresto;Conducente;M;Illeso;0;;Non accertato;Inesistente
1947264;17;12/06/2013 13:00;Strada Urbana;PIAZZA DEI TRIBUNALI;da specificare;;;;nei pressi di Via Triboniano;Scontro laterale fra veicoli in marcia;Curva a visuale libera;Due carreggiate;Asciutto;Asfaltata;Verticale ed orizzontale;Sereno;Intenso;Buona;Ore Diurne;0;0;0;3;;;-1;1;Autobus turistico;In marcia / fermata / arresto;Passeggero;M;Illeso;0;;Non accertato;Inesistente
1947264;17;12/06/2013 13:00;Strada Urbana;PIAZZA DEI TRIBUNALI;da specificare;;;;nei pressi di Via Triboniano;Scontro laterale fra veicoli in marcia;Curva a visuale libera;Due carreggiate;Asciutto;Asfaltata;Verticale ed orizzontale;Sereno;Intenso;Buona;Ore Diurne;0;0;0;3;;;-1;2;Autovettura privata;In marcia / fermata / arresto;Conducente;F;Illeso;0;;Non accertato;Inesistente
1947265;17;12/06/2013 12:10;Strada Urbana;VIA FEDERICO CESI;in prossimità;;del civico n. ;40;;Scontro frontale fra veicoli in marcia;Rettilineo;Una carreggiata a senso unico di marcia;Asciutto;Asfaltata;Verticale ed orizzontale;Sereno;Scarso;Buona;Ore Diurne;0;0;0;2;;;-1;1;Quadriciclo leggero;In marcia / fermata / arresto;Conducente;F;Illeso;0;;Non accertato;Inesistente
1947265;17;12/06/2013 12:10;Strada Urbana;VIA FEDERICO CESI;in prossimità;;del civico n. ;40;;Scontro frontale fra veicoli in marcia;Rettilineo;Una carreggiata a senso unico di marcia;Asciutto;Asfaltata;Verticale ed orizzontale;Sereno;Scarso;Buona;Ore Diurne;0;0;0;2;;;-1;2;Autovettura privata;In marcia / fermata / arresto;Conducente;M;Illeso;0;;Non accertato;Inesploso