Protocollo;Gruppo;DataOraIncidente;Localizzazione1;STRADA1;Localizzazione2;STRADA2;Strada02;Chilometrica;DaSpecificare;NaturaIncidente;particolaritastrade;TipoStrada;FondoStradale;Pavimentazione;Segnaletica;CondizioneAtmosferica;Traffico;Visibilita;Illuminazione;NUM_FERITI;NUM_RISERVATA;NUM_MORTI;NUM_ILLESI;Longitudine;Latitudine;Confermato;Progressivo;TipoVeicolo;StatoVeicolo;TipoPersona;Sesso;Tipolesione;Deceduto;DecedutoDopo;CinturaCascoUtilizzato;Airbag
1947884;8;19/06/2013 18:00;Strada Urbana;VIA CASILINA;all'intersezione con;VIA DI ROCCA CENCIA;VIA DI ROCCA CENCIA;;;Tamponamento;Incrocio;Una carreggiata a doppio senso;Asciutto;Asfaltata;Verticale ed orizzontale;Sereno;Intenso;Buona;Ore Diurne;0;0;0;2;;;-1;1;Autovettura privata;In marcia / fermata / arresto;Conducente;M;Illeso;0;;Non accertato;Inesploso
1947884;8;19/06/2013 18:00;Strada Urbana;VIA CASILINA;all'intersezione con;VIA DI ROCCA CENCIA;VIA DI ROCCA CENCIA;;;Tamponamento;Incrocio;Una carreggiata a doppio senso;Asciutto;Asfaltata;Verticale ed orizzontale;Sereno;Intenso;Buona;Ore Diurne;0;0;0;2;;;-1;2;Autoarticolato;In marcia / fermata / arresto;Conducente;M;Illeso;0;;Non accertato;Inesploso
1947885;13;19/06/2013 13:40;Provinciale entro l'abitato;VIA GUIDO CALZA;da specificare;;;;prossimità scavi ;Veicolo in marcia contro ostacolo accidentale;Rettilineo;Una carreggiata a senso unico di marcia;Asciutto;Asfaltata;Verticale ed orizzontale;Sereno;Normale;Buona;Ore Diurne;0;0;0;1;;;-1;1;Autovettura privata;In marcia / fermata / arresto;Conducente;M;Illeso;0;;Non accertato;Inesploso
1947886;8;19/06/2013 00:30;Strada Urbana;VIA DEL FUOCO SACRO;all'intersezione con;VIA ACQUARONI;VIA ACQUARONI;;;Scontro frontale/laterale DX fra veicoli in marcia;Incrocio;Una carreggiata a doppio senso;Asciutto;Asfaltata;Assente;Sereno;Scarso;Sufficiente;Sufficiente;1;0;0;3;;;-1;1;Autovettura privata;In marcia / fermata / arresto;Conducente;F;Illeso;0;;Non accertato;Inesistente
1947886;8;19/06/2013 00:30;Strada Urbana;VIA DEL FUOCO SACRO;all'intersezione con;VIA ACQUARONI;VIA ACQUARONI;;;Scontro frontale/laterale DX fra veicoli in marcia;Incrocio;Una carreggiata a doppio senso;Asciutto;Asfaltata;Assente;Sereno;Scarso;Sufficiente;Sufficiente;1;0;0;3;;;-1;1;Autovettura privata;In marcia / fermata / arresto;Passeggero;F;Rimandato;0;NON DECEDUTO;Non accertato;Inesploso
1947886;8;19/06/2013 00:30;Strada Urbana;VIA DEL FUOCO SACRO;all'intersezione con;VIA ACQUARONI;VIA ACQUARONI;;;Scontro frontale/laterale DX fra veicoli in marcia;Incrocio;Una carreggiata a doppio senso;Asciutto;Asfaltata;Assente;Sereno;Scarso;Sufficiente;Sufficiente;1;0;0;3;;;-1;2;Autovettura privata;In marcia / fermata / arresto;Conducente;M;Illeso;0;;Non accertato;Inesploso
1947886;8;19/06/2013 00:30;Strada Urbana;VIA DEL FUOCO SACRO;all'intersezione con;VIA ACQUARONI;VIA ACQUARONI;;;Scontro frontale/laterale DX fra veicoli in marcia;Incrocio;Una carreggiata a doppio senso;Asciutto;Asfaltata;Assente;Sereno;Scarso;Sufficiente;Sufficiente;1;0;0;3;;;-1;2;Autovettura privata;In marcia / fermata / arresto;Passeggero;F;Illeso;0;;Non accertato;Inesploso
1947887;20;19/06/2013 08:35;Strada Urbana;VIA DEL FORO ITALICO;da specificare;;;;altezza CORSO DI FRANCIA direzione PIAZZALE CLODIO;Tamponamento Multiplo;Rettilineo;Due carreggiate;Asciutto;Asfaltata;Orizzontale;Sereno;Intenso;Buona;Ore Diurne;1;0;0;9;;;-1;1;Autovettura privata;In marcia / fermata / arresto;Conducente;M;Illeso;0;;Non accertato;Inesploso
1947887;20;19/06/2013 08:35;Strada Urbana;VIA DEL FORO ITALICO;da specificare;;;;altezza CORSO DI FRANCIA direzione PIAZZALE CLODIO;Tamponamento Multiplo;Rettilineo;Due carreggiate;Asciutto;Asfaltata;Orizzontale;Sereno;Intenso;Buona;Ore Diurne;1;0;0;9;;;-1;2;Autovettura privata;In marcia / fermata / arresto;Conducente;M;Illeso;0;;Non accertato;Inesistente
1947887;20;19/06/2013 08:35;Strada Urbana;VIA DEL FORO ITALICO;da specificare;;;;altezza CORSO DI FRANCIA direzione PIAZZALE CLODIO;Tamponamento Multiplo;Rettilineo;Due carreggiate;Asciutto;Asfaltata;Orizzontale;Sereno;Intenso;Buona;Ore Diurne;1;0;0;9;;;-1;3;Autocarro inferiore 35 q.;In marcia / fermata / arresto;Conducente;M;Illeso;0;;Utilizzato;Inesploso
1947887;20;19/06/2013 08:35;Strada Urbana;VIA DEL FORO ITALICO;da specificare;;;;altezza CORSO DI FRANCIA direzione PIAZZALE CLODIO;Tamponamento Multiplo;Rettilineo;Due carreggiate;Asciutto;Asfaltata;Orizzontale;Sereno;Intenso;Buona;Ore Diurne;1;0;0;9;;;-1;4;Autovettura privata;In marcia / fermata / arresto;Conducente;M;Illeso;0;;Non accertato;Inesploso
1947887;20;19/06/2013 08:35;Strada Urbana;VIA DEL FORO ITALICO;da specificare;;;;altezza CORSO DI FRANCIA direzione PIAZZALE CLODIO;Tamponamento Multiplo;Rettilineo;Due carreggiate;Asciutto;Asfaltata;Orizzontale;Sereno;Intenso;Buona;Ore Diurne;1;0;0;9;;;-1;5;Autovettura privata;In marcia / fermata / arresto;Conducente;M;Rifiuta cure immediate;0;NON DECEDUTO;Non accertato;Esploso
1947887;20;19/06/2013 08:35;Strada Urbana;VIA DEL FORO ITALICO;da specificare;;;;altezza CORSO DI FRANCIA direzione PIAZZALE CLODIO;Tamponamento Multiplo;Rettilineo;Due carreggiate;Asciutto;Asfaltata;Orizzontale;Sereno;Intenso;Buona;Ore Diurne;1;0;0;9;;;-1;6;Autovettura privata;In marcia / fermata / arresto;Conducente;M;Illeso;0;;Non accertato;Inesploso
1947887;20;19/06/2013 08:35;Strada Urbana;VIA DEL FORO ITALICO;da specificare;;;;altezza CORSO DI FRANCIA direzione PIAZZALE CLODIO;Tamponamento Multiplo;Rettilineo;Due carreggiate;Asciutto;Asfaltata;Orizzontale;Sereno;Intenso;Buona;Ore Diurne;1;0;0;9;;;-1;6;Autovettura privata;In marcia / fermata / arresto;Passeggero;M;Illeso;0;;Non accertato;Inesploso
1947887;20;19/06/2013 08:35;Strada Urbana;VIA DEL FORO ITALICO;da specificare;;;;altezza CORSO DI FRANCIA direzione PIAZZALE CLODIO;Tamponamento Multiplo;Rettilineo;Due carreggiate;Asciutto;Asfaltata;Orizzontale;Sereno;Intenso;Buona;Ore Diurne;1;0;0;9;;;-1;6;Autovettura privata;In marcia / fermata / arresto;Passeggero;M;Illeso;0;;Non accertato;Inesistente
1947887;20;19/06/2013 08:35;Strada Urbana;VIA DEL FORO ITALICO;da specificare;;;;altezza CORSO DI FRANCIA direzione PIAZZALE CLODIO;Tamponamento Multiplo;Rettilineo;Due carreggiate;Asciutto;Asfaltata;Orizzontale;Sereno;Intenso;Buona;Ore Diurne;1;0;0;9;;;-1;6;Autovettura privata;In marcia / fermata / arresto;Passeggero;M;Illeso;0;;Non accertato;Inesistente
1947887;20;19/06/2013 08:35;Strada Urbana;VIA DEL FORO ITALICO;da specificare;;;;altezza CORSO DI FRANCIA direzione PIAZZALE CLODIO;Tamponamento Multiplo;Rettilineo;Due carreggiate;Asciutto;Asfaltata;Orizzontale;Sereno;Intenso;Buona;Ore Diurne;1;0;0;9;;;-1;7;Motociclo a solo;In marcia / fermata / arresto;Conducente;M;Illeso;0;;Utilizzato;Inesistente
1947888;20;19/06/2013 15:30;Strada Urbana;VIA DELLA MENDOLA;in prossimità;;del civico n. ;80;;Veicolo in marcia contro veicoli in sosta;Curva a visuale libera;Una carreggiata a senso unico di marcia;Asciutto;Asfaltata;Verticale;Sereno;Scarso;Buona;Ore Diurne;0;0;0;1;;;-1;1;Autovettura privata;In marcia / fermata / arresto;Conducente;M;Illeso;0;;Non accertato;Esploso
1947889;13;19/06/2013 15:20;Strada Urbana;VIA DI DRAGONCELLO;all'intersezione con;VIA DI MACCHIA PALOCCO;VIA DI MACCHIA PALOCCO;;;Scontro frontale/laterale SX fra veicoli in marcia;Incrocio;Una carreggiata a doppio senso;Asciutto;Asfaltata;Verticale;Sereno;Normale;Buona;Ore Diurne;0;0;0;2;;;-1;1;Autovettura privata;In marcia / fermata / arresto;Conducente;M;Illeso;0;;Non accertato;Inesploso
1947889;13;19/06/2013 15:20;Strada Urbana;VIA DI DRAGONCELLO;all'intersezione con;VIA DI MACCHIA PALOCCO;VIA DI MACCHIA PALOCCO;;;Scontro frontale/laterale SX fra veicoli in marcia;Incrocio;Una carreggiata a doppio senso;Asciutto;Asfaltata;Verticale;Sereno;Normale;Buona;Ore Diurne;0;0;0;2;;;-1;2;Autovettura privata;In marcia / fermata / arresto;Conducente;M;Illeso;0;;Non accertato;Inesploso
1947890;13;19/06/2013 18:00;Strada Urbana;VIA ESCHILO;in prossimità;;del civico n. ;10;;Scontro laterale fra veicoli in marcia;Rettilineo;Una carreggiata a doppio senso;Asciutto;Asfaltata;Verticale ed orizzontale;Sereno;Scarso;Buona;Ore Diurne;0;0;0;3;;;-1;1;Autovettura privata;In marcia / fermata / arresto;Conducente;M;Illeso;0;;Non accertato;Inesploso
1947890;13;19/06/2013 18:00;Strada Urbana;VIA ESCHILO;in prossimità;;del civico n. ;10;;Scontro laterale fra veicoli in marcia;Rettilineo;Una carreggiata a doppio senso;Asciutto;Asfaltata;Verticale ed orizzontale;Sereno;Scarso;Buona;Ore Diurne;0;0;0;3;;;-1;1;Autovettura privata;In marcia / fermata / arresto;Passeggero;F;Illeso;0;;Non accertato;Inesploso
1947890;13;19/06/2013 18:00;Strada Urbana;VIA ESCHILO;in prossimità;;del civico n. ;10;;Scontro laterale fra veicoli in marcia;Rettilineo;Una carreggiata a doppio senso;Asciutto;Asfaltata;Verticale ed orizzontale;Sereno;Scarso;Buona;Ore Diurne;0;0;0;3;;;-1;2;Autovettura privata;In marcia / fermata / arresto;Conducente;M;Illeso;0;;Non accertato;Inesploso
1947891;13;19/06/2013 18:00;Strada Urbana;PIAZZA DEI SICANI;all'intersezione con;LARGO GIROLAMO DA MONTESARCHIO;LARGO GIROLAMO DA MONTESARCHIO;;;Scontro laterale fra veicoli in marcia;Incrocio;Una carreggiata a doppio senso;Asciutto;Asfaltata;Verticale;Sereno;Normale;Buona;Ore Diurne;0;0;0;4;;;-1;1;Autovettura privata;In marcia / fermata / arresto;Conducente;M;Illeso;0;;Non accertato;Inesistente
1947891;13;19/06/2013 18:00;Strada Urbana;PIAZZA DEI SICANI;all'intersezione con;LARGO GIROLAMO DA MONTESARCHIO;LARGO GIROLAMO DA MONTESARCHIO;;;Scontro laterale fra veicoli in marcia;Incrocio;Una carreggiata a doppio senso;Asciutto;Asfaltata;Verticale;Sereno;Normale;Buona;Ore Diurne;0;0;0;4;;;-1;1;Autovettura privata;In marcia / fermata / arresto;Passeggero;M;Illeso;0;;Non accertato;Inesistente
1947891;13;19/06/2013 18:00;Strada Urbana;PIAZZA DEI SICANI;all'intersezione con;LARGO GIROLAMO DA MONTESARCHIO;LARGO GIROLAMO DA MONTESARCHIO;;;Scontro laterale fra veicoli in marcia;Incrocio;Una carreggiata a doppio senso;Asciutto;Asfaltata;Verticale;Sereno;Normale;Buona;Ore Diurne;0;0;0;4;;;-1;2;Autovettura privata;In marcia / fermata / arresto;Conducente;M;Illeso;0;;Non accertato;Inesistente
1947891;13;19/06/2013 18:00;Strada Urbana;PIAZZA DEI SICANI;all'intersezione con;LARGO GIROLAMO DA MONTESARCHIO;LARGO GIROLAMO DA MONTESARCHIO;;;Scontro laterale fra veicoli in marcia;Incrocio;Una carreggiata a doppio senso;Asciutto;Asfaltata;Verticale;Sereno;Normale;Buona;Ore Diurne;0;0;0;4;;;-1;2;Autovettura privata;In marcia / fermata / arresto;Passeggero;M;Illeso;0;;Non accertato;Inesistente
1947892;13;19/06/2013 19:10;Strada Urbana;VIA ASOLA;all'intersezione con;VIA AZZANELLO;VIA AZZANELLO;;;Scontro frontale/laterale DX fra veicoli in marcia;Incrocio;Una carreggiata a doppio senso;Asciutto;Asfaltata;Assente;Sereno;Scarso;Buona;Ore Diurne;1;0;0;1;;;-1;1;Autovettura privata;In marcia / fermata / arresto;Conducente;M;Illeso;0;;Non accertato;Inesploso
1947892;13;19/06/2013 19:10;Strada Urbana;VIA ASOLA;all'intersezione con;VIA AZZANELLO;VIA AZZANELLO;;;Scontro frontale/laterale DX fra veicoli in marcia;Incrocio;Una carreggiata a doppio senso;Asciutto;Asfaltata;Assente;Sereno;Scarso;Buona;Ore Diurne;1;0;0;1;;;-1;2;Autovettura privata;In marcia / fermata / arresto;Conducente;F;Rimandato;0;NON DECEDUTO;Non accertato;Inesploso
1947893;12;20/06/2013 00:52;Strada Urbana;VIA GIOVANNI SINCHETTO;all'intersezione con;VIA ALBERTO GIOLITTI;VIA ALBERTO GIOLITTI;;;Veicolo in marcia contro ostacolo fisso;Incrocio;Una carreggiata a doppio senso;Asciutto;Asfaltata;Assente;Sereno;Scarso;Sufficiente;Inesistente;0;0;0;2;;;-1;1;Autovettura privata;In marcia / fermata / arresto;Conducente;F;Illeso;0;;Utilizzato;Inesploso
1947893;12;20/06/2013 00:52;Strada Urbana;VIA GIOVANNI SINCHETTO;all'intersezione con;VIA ALBERTO GIOLITTI;VIA ALBERTO GIOLITTI;;;Veicolo in marcia contro ostacolo fisso;Incrocio;Una carreggiata a doppio senso;Asciutto;Asfaltata;Assente;Sereno;Scarso;Sufficiente;Inesistente;0;0;0;2;;;-1;1;Autovettura privata;In marcia / fermata / arresto;Passeggero;M;Illeso;0;;Utilizzato;Inesploso
1947894;9;20/06/2013 04:00;Strada Urbana;PIAZZA DI PORTA CAPENA;all'intersezione con;VIA DEI CERCHI;VIA DEI CERCHI;;;Scontro frontale fra veicoli in marcia;Intersezione semaforizzata;Una carreggiata a doppio senso;Asciutto;Asfaltata;Verticale ed orizzontale;Sereno;Scarso;Buona;Sufficiente;4;0;1;0;;;-1;1;Autovettura pubblica;In marcia / fermata / arresto;Conducente;M;Rimandato;0;NON DECEDUTO;Non accertato;Esploso
1947894;9;20/06/2013 04:00;Strada Urbana;PIAZZA DI PORTA CAPENA;all'intersezione con;VIA DEI CERCHI;VIA DEI CERCHI;;;Scontro frontale fra veicoli in marcia;Intersezione semaforizzata;Una carreggiata a doppio senso;Asciutto;Asfaltata;Verticale ed orizzontale;Sereno;Scarso;Buona;Sufficiente;4;0;1;0;;;-1;1;Autovettura pubblica;In marcia / fermata / arresto;Passeggero;M;Ricoverato;0;NON DECEDUTO;Non accertato;Esploso
1947894;9;20/06/2013 04:00;Strada Urbana;PIAZZA DI PORTA CAPENA;all'intersezione con;VIA DEI CERCHI;VIA DEI CERCHI;;;Scontro frontale fra veicoli in marcia;Intersezione semaforizzata;Una carreggiata a doppio senso;Asciutto;Asfaltata;Verticale ed orizzontale;Sereno;Scarso;Buona;Sufficiente;4;0;1;0;;;-1;1;Autovettura pubblica;In marcia / fermata / arresto;Passeggero;F;Prognosi riservata;0;DECEDUTO ENTRO IL TERZO GIORNO;Non accertato;Inesploso
1947894;9;20/06/2013 04:00;Strada Urbana;PIAZZA DI PORTA CAPENA;all'intersezione con;VIA DEI CERCHI;VIA DEI CERCHI;;;Scontro frontale fra veicoli in marcia;Intersezione semaforizzata;Una carreggiata a doppio senso;Asciutto;Asfaltata;Verticale ed orizzontale;Sereno;Scarso;Buona;Sufficiente;4;0;1;0;;;-1;1;Autovettura pubblica;In marcia / fermata / arresto;Passeggero;M;Ricoverato;0;NON DECEDUTO;Non accertato;Inesploso
1947894;9;20/06/2013 04:00;Strada Urbana;PIAZZA DI PORTA CAPENA;all'intersezione con;VIA DEI CERCHI;VIA DEI CERCHI;;;Scontro frontale fra veicoli in marcia;Intersezione semaforizzata;Una carreggiata a doppio senso;Asciutto;Asfaltata;Verticale ed orizzontale;Sereno;Scarso;Buona;Sufficiente;4;0;1;0;;;-1;2;Autovettura privata;In marcia / fermata / arresto;Conducente;M;Ricoverato;0;NON DECEDUTO;Non accertato;Esploso
1947895;15;19/06/2013 11:50;Strada Urbana;VIA ANTONIO PACINOTTI;all'intersezione semaforizzata con;PIAZZA DELLA RADIO;PIAZZA DELLA RADIO;;;Scontro laterale fra veicoli in marcia;Intersezione semaforizzata;Una carreggiata a doppio senso;Asciutto;Asfaltata;Orizzontale;Sereno;Normale;Buona;Ore Diurne;1;0;0;1;;;-1;1;Autovettura privata;In marcia / fermata / arresto;Conducente;F;Illeso;0;;Utilizzato;Inesistente
1947895;15;19/06/2013 11:50;Strada Urbana;VIA ANTONIO PACINOTTI;all'intersezione semaforizzata con;PIAZZA DELLA RADIO;PIAZZA DELLA RADIO;;;Scontro laterale fra veicoli in marcia;Intersezione semaforizzata;Una carreggiata a doppio senso;Asciutto;Asfaltata;Orizzontale;Sereno;Normale;Buona;Ore Diurne;1;0;0;1;;;-1;2;Motociclo a solo;In marcia / fermata / arresto;Conducente;M;Rimandato;0;NON DECEDUTO;Utilizzato;Inesistente
1947896;15;19/06/2013 19:20;Strada Urbana;VIA DEL TRULLO;in prossimità;;del civico n. ;122;;Investimento di pedone;Rettilineo;Due carreggiate;Asciutto;Asfaltata;Verticale ed orizzontale;Sereno;Normale;Buona;Ore Diurne;1;0;0;1;;;-1;;;;Pedone;F;Ricoverato;0;NON DECEDUTO;;
1947896;15;19/06/2013 19:20;Strada Urbana;VIA DEL TRULLO;in prossimità;;del civico n. ;122;;Investimento di pedone;Rettilineo;Due carreggiate;Asciutto;Asfaltata;Verticale ed orizzontale;Sereno;Normale;Buona;Ore Diurne;1;0;0;1;;;-1;1;Autovettura privata;In marcia / fermata / arresto;Conducente;M;Illeso;0;;Non accertato;Inesploso
1947897;15;19/06/2013 18:20;Strada Urbana;LUNGOTEVERE DEGLI INVENTORI;in prossimità;;del civico n. ;123;;Investimento di pedone;Rettilineo;Una carreggiata a doppio senso;Asciutto;Asfaltata;Orizzontale;Sereno;Intenso;Sufficiente;Ore Diurne;1;0;0;2;;;-1;;;;Pedone;F;Rimandato;0;NON DECEDUTO;;
1947897;15;19/06/2013 18:20;Strada Urbana;LUNGOTEVERE DEGLI INVENTORI;in prossimità;;del civico n. ;123;;Investimento di pedone;Rettilineo;Una carreggiata a doppio senso;Asciutto;Asfaltata;Orizzontale;Sereno;Intenso;Sufficiente;Ore Diurne;1;0;0;2;;;-1;1;Autovettura privata;In marcia / fermata / arresto;Conducente;M;Illeso;0;;Non accertato;Inesploso
1947897;15;19/06/2013 18:20;Strada Urbana;LUNGOTEVERE DEGLI INVENTORI;in prossimità;;del civico n. ;123;;Investimento di pedone;Rettilineo;Una carreggiata a doppio senso;Asciutto;Asfaltata;Orizzontale;Sereno;Intenso;Sufficiente;Ore Diurne;1;0;0;2;;;-1;1;Autovettura privata;In marcia / fermata / arresto;Passeggero;F;Illeso;0;;Non accertato;Inesploso
1947898;15;19/06/2013 13:25;Strada Urbana;VIADOTTO DELLA MAGLIANA;da specificare;;;;10 mt dopo la rampa ingresso da Via della Magliana;Ribaltamento senza urto contro ostacolo fisso;Rettilineo;Due carreggiate;Asciutto;Asfaltata;Verticale ed orizzontale;Sereno;Normale;Buona;Ore Diurne;0;0;0;1;;;-1;1;Autovettura privata;In marcia / fermata / arresto;Conducente;M;Illeso;0;;Utilizzato;Inesistente
1947899;12;19/06/2013 20:15;Strada Urbana;VIA CRISTOFORO COLOMBO;da specificare;;;;dir GRA altezza viale America;Ribaltamento senza urto contro ostacolo fisso;Curva a visuale libera;Due carreggiate;Asciutto;Asfaltata;Verticale ed orizzontale;Sereno;Normale;Buona;Sufficiente;1;0;0;0;;;-1;1;Motociclo a solo;In marcia / fermata / arresto;Conducente;M;Rimandato;0;NON DECEDUTO;Non accertato;Inesistente
1947900;15;19/06/2013 17:15;Strada Urbana;VIA PORTUENSE;da specificare;;;;fronte civico 837;Veicolo in marcia contro veicolo fermo;Rettilineo;Una carreggiata a doppio senso;Asciutto;Asfaltata;Orizzontale;Sereno;Normale;Buona;Ore Diurne;1;0;0;1;;;-1;1;Autovettura pubblica;In marcia / fermata / arresto;Conducente;M;Rimandato;0;NON DECEDUTO;Non accertato;Inesploso
1947900;15;19/06/2013 17:15;Strada Urbana;VIA PORTUENSE;da specificare;;;;fronte civico 837;Veicolo in marcia contro veicolo fermo;Rettilineo;Una carreggiata a doppio senso;Asciutto;Asfaltata;Orizzontale;Sereno;Normale;Buona;Ore Diurne;1;0;0;1;;;-1;2;Autocarro inferiore 35 q.;In marcia / fermata / arresto;Conducente;M;Illeso;0;;Utilizzato;Inesistente
1947902;15;19/06/2013 19:30;Strada Urbana;VIA DELLA MAGLIANA NUOVA;all'intersezione con;VIA DI VILLA BONELLI;VIA DI VILLA BONELLI;;;Scontro laterale fra veicoli in marcia;Intersezione semaforizzata;Due carreggiate;Asciutto;Asfaltata;Verticale ed orizzontale;Sereno;Intenso;Buona;Ore Diurne;0;0;0;4;;;-1;1;Autovettura privata;In marcia / fermata / arresto;Conducente;M;Illeso;0;;Utilizzato;Inesploso
1947902;15;19/06/2013 19:30;Strada Urbana;VIA DELLA MAGLIANA NUOVA;all'intersezione con;VIA DI VILLA BONELLI;VIA DI VILLA BONELLI;;;Scontro laterale fra veicoli in marcia;Intersezione semaforizzata;Due carreggiate;Asciutto;Asfaltata;Verticale ed orizzontale;Sereno;Intenso;Buona;Ore Diurne;0;0;0;4;;;-1;1;Autovettura privata;In marcia / fermata / arresto;Passeggero;F;Illeso;0;;Utilizzato;Inesploso
1947902;15;19/06/2013 19:30;Strada Urbana;VIA DELLA MAGLIANA NUOVA;all'intersezione con;VIA DI VILLA BONELLI;VIA DI VILLA BONELLI;;;Scontro laterale fra veicoli in marcia;Intersezione semaforizzata;Due carreggiate;Asciutto;Asfaltata;Verticale ed orizzontale;Sereno;Intenso;Buona;Ore Diurne;0;0;0;4;;;-1;2;Motociclo con passeggero;In marcia / fermata / arresto;Conducente;M;Illeso;0;;Utilizzato;Inesistente
1947902;15;19/06/2013 19:30;Strada Urbana;VIA DELLA MAGLIANA NUOVA;all'intersezione con;VIA DI VILLA BONELLI;VIA DI VILLA BONELLI;;;Scontro laterale fra veicoli in marcia;Intersezione semaforizzata;Due carreggiate;Asciutto;Asfaltata;Verticale ed orizzontale;Sereno;Intenso;Buona;Ore Diurne;0;0;0;4;;;-1;2;Motociclo con passeggero;In marcia / fermata / arresto;Passeggero;F;Illeso;0;;Utilizzato;Inesistente
1947903;15;19/06/2013 20:15;Strada Urbana;VIA PORTUENSE;all'intersezione con;VIA MARA;VIA MARA;;;Scontro frontale/laterale DX fra veicoli in marcia;Incrocio;Una carreggiata a doppio senso;Asciutto;Asfaltata;Orizzontale;Sereno;Normale;Buona;Sufficiente;3;0;0;0;;;-1;1;Autovettura privata;In marcia / fermata / arresto;Conducente;M;Rimandato;0;NON DECEDUTO;Utilizzato;Inesistente
1947903;15;19/06/2013 20:15;Strada Urbana;VIA PORTUENSE;all'intersezione con;VIA MARA;VIA MARA;;;Scontro frontale/laterale DX fra veicoli in marcia;Incrocio;Una carreggiata a doppio senso;Asciutto;Asfaltata;Orizzontale;Sereno;Normale;Buona;Sufficiente;3;0;0;0;;;-1;1;Autovettura privata;In marcia / fermata / arresto;Passeggero;M;Rimandato;0;NON DECEDUTO;Utilizzato;Inesistente
1947903;15;19/06/2013 20:15;Strada Urbana;VIA PORTUENSE;all'intersezione con;VIA MARA;VIA MARA;;;Scontro frontale/laterale DX fra veicoli in marcia;Incrocio;Una carreggiata a doppio senso;Asciutto;Asfaltata;Orizzontale;Sereno;Normale;Buona;Sufficiente;3;0;0;0;;;-1;2;Autovettura privata;In marcia / fermata / arresto;Conducente;F;Rimandato;0;NON DECEDUTO;Utilizzato;Inesistente
1947904;20;19/06/2013 19:00;Strada Urbana;VIA CASSIA NUOVA;all'intersezione con;VIA VILFREDO PARETO;VIA VILFREDO PARETO;;;Scontro frontale fra veicoli in marcia;Intersezione stradale segnalata;Una carreggiata a doppio senso;Asciutto;Asfaltata;Verticale ed orizzontale;Sereno;Normale;Buona;Ore Diurne;2;0;0;0;;;-1;1;Motociclo a solo;In marcia / fermata / arresto;Conducente;M;Ricoverato;0;NON DECEDUTO;Non accertato;Inesistente
1947904;20;19/06/2013 19:00;Strada Urbana;VIA CASSIA NUOVA;all'intersezione con;VIA VILFREDO PARETO;VIA VILFREDO PARETO;;;Scontro frontale fra veicoli in marcia;Intersezione stradale segnalata;Una carreggiata a doppio senso;Asciutto;Asfaltata;Verticale ed orizzontale;Sereno;Normale;Buona;Ore Diurne;2;0;0;0;;;-1;2;Motociclo a solo;In marcia / fermata / arresto;Conducente;M;Rimandato;0;NON DECEDUTO;Non accertato;Inesistente
1947905;10;19/06/2013 18:15;Strada Urbana;VIALE TITO LABIENO;in corrispondenza;;del civico n. ;52;;Veicolo in marcia contro veicolo in sosta;Rettilineo;Una carreggiata a senso unico di marcia;Asciutto;Asfaltata;Orizzontale;Sereno;Scarso;Buona;Ore Diurne;1;0;0;1;;;-1;1;Motociclo a solo;In marcia / fermata / arresto;Conducente;M;Ricoverato;0;NON DECEDUTO;Non accertato;Inesistente
1947905;10;19/06/2013 18:15;Strada Urbana;VIALE TITO LABIENO;in corrispondenza;;del civico n. ;52;;Veicolo in marcia contro veicolo in sosta;Rettilineo;Una carreggiata a senso unico di marcia;Asciutto;Asfaltata;Orizzontale;Sereno;Scarso;Buona;Ore Diurne;1;0;0;1;;;-1;2;Autovettura privata;In marcia / fermata / arresto;Conducente;F;Illeso;0;;Non accertato;Inesploso
1947906;19;19/06/2013 11:40;Strada Urbana;VIA UGO DE CAROLIS;in prossimità;;del civico n. ;5;;Scontro laterale fra veicoli in marcia;Rettilineo;Una carreggiata a doppio senso;Asciutto;Asfaltata;Orizzontale;Sereno;Normale;Buona;Ore Diurne;0;0;0;4;;;-1;1;Autovettura di polizia;In marcia / fermata / arresto;Conducente;M;Illeso;0;;Non accertato;Inesistente
1947906;19;19/06/2013 11:40;Strada Urbana;VIA UGO DE CAROLIS;in prossimità;;del civico n. ;5;;Scontro laterale fra veicoli in marcia;Rettilineo;Una carreggiata a doppio senso;Asciutto;Asfaltata;Orizzontale;Sereno;Normale;Buona;Ore Diurne;0;0;0;4;;;-1;1;Autovettura di polizia;In marcia / fermata / arresto;Passeggero;M;Illeso;0;;Non accertato;Inesistente
1947906;19;19/06/2013 11:40;Strada Urbana;VIA UGO DE CAROLIS;in prossimità;;del civico n. ;5;;Scontro laterale fra veicoli in marcia;Rettilineo;Una carreggiata a doppio senso;Asciutto;Asfaltata;Orizzontale;Sereno;Normale;Buona;Ore Diurne;0;0;0;4;;;-1;1;Autovettura di polizia;In marcia / fermata / arresto;Passeggero;M;Illeso;0;;Non accertato;Inesistente
1947906;19;19/06/2013 11:40;Strada Urbana;VIA UGO DE CAROLIS;in prossimità;;del civico n. ;5;;Scontro laterale fra veicoli in marcia;Rettilineo;Una carreggiata a doppio senso;Asciutto;Asfaltata;Orizzontale;Sereno;Normale;Buona;Ore Diurne;0;0;0;4;;;-1;2;Autocarro inferiore 35 q.;In marcia / fermata / arresto;Conducente;M;Illeso;0;;Non accertato;Inesistente
1947907;12;19/06/2013 21:55;Strada Urbana;VIA DI CASTEL DI LEVA;all'intersezione con;VIA ANTONIO ZANONI;VIA ANTONIO ZANONI;;;Veicolo in marcia contro ostacolo accidentale;Incrocio;Una carreggiata a doppio senso;Asciutto;Asfaltata;Verticale ed orizzontale;Sereno;Normale;Buona;Sufficiente;1;0;0;2;;;-1;1;Autovettura privata;In marcia / fermata / arresto;Conducente;F;Illeso;0;;Utilizzato;Inesploso